Product Id,Price,Listing Name,Stock
0,136,doloribus,similique,eum,888
1,990,corrupti,vero,ex,197
2,503,rerum,sed,temporibus,477
3,311,sint,quas,debitis,961
4,626,tempore,ab,numquam,613
5,534,quia,non,pariatur,521
6,56,et,expedita,ipsam,161
7,706,perspiciatis,voluptatem,voluptatum,248
8,249,ipsum,voluptatibus,rerum,348
9,564,repudiandae,et,omnis,920
10,177,quod,veritatis,iusto,576
11,161,et,provident,inventore,633
12,311,et,laudantium,repudiandae,208
13,847,incidunt,recusandae,eum,210
14,834,unde,totam,voluptatibus,370
15,404,atque,eaque,ratione,440
16,278,corrupti,sed,quae,496
17,596,aliquam,recusandae,ea,115
18,351,maxime,aut,sint,902
19,247,esse,veritatis,expedita,237
20,353,dolorem,doloremque,eveniet,465
21,188,quis,neque,soluta,452
22,329,tempora,dolorem,est,530
23,874,deleniti,qui,at,664
24,892,consequatur,ut,quas,67
25,532,atque,nam,aliquam,406
26,397,ut,eos,facilis,730
27,97,fuga,accusantium,autem,136
28,889,dignissimos,aut,consequatur,8
29,229,sunt,at,dolores,658
30,731,voluptates,qui,eaque,978
31,948,ad,ea,occaecati,741
32,341,voluptatum,id,enim,964
33,734,fugiat,inventore,voluptas,84
34,102,dolor,illum,eum,265
35,228,doloremque,praesentium,id,358
36,327,dolorem,qui,consequuntur,588
37,567,qui,et,excepturi,595
38,793,rerum,cum,qui,651
39,204,cupiditate,animi,qui,471
40,532,accusantium,aperiam,voluptas,261
41,687,beatae,velit,velit,214
42,955,est,architecto,porro,54
43,3,asperiores,accusamus,aut,300
44,793,excepturi,quia,sapiente,448
45,686,eaque,quasi,aut,746
46,128,sint,et,cum,892
47,306,veniam,dicta,temporibus,71
48,237,reiciendis,laborum,omnis,54
49,919,et,incidunt,quia,645
50,939,expedita,ad,earum,139
51,829,recusandae,sit,cupiditate,443
52,180,minima,assumenda,ut,143
53,718,nemo,et,exercitationem,728
54,918,doloremque,autem,repellendus,146
55,139,facilis,quisquam,et,514
56,589,nam,et,repellendus,671
57,115,reiciendis,est,qui,315
58,597,perferendis,illum,et,389
59,768,molestiae,nobis,architecto,111
60,24,optio,voluptatum,sint,729
61,343,itaque,architecto,aut,622
62,169,saepe,quis,porro,147
63,845,ea,veritatis,veniam,343
64,470,eos,in,dolor,621
65,458,dolor,omnis,deleniti,329
66,173,ex,non,incidunt,666
67,734,consequatur,sint,qui,685
68,65,natus,nostrum,non,606
69,610,voluptas,et,harum,907
70,352,quia,et,qui,206
71,752,sequi,ab,eos,957
72,821,quibusdam,illo,omnis,632
73,771,laboriosam,et,doloribus,99
74,808,odio,consequatur,autem,200
75,509,voluptates,voluptatem,enim,407
76,710,ut,repellat,nihil,40
77,192,quam,quis,corporis,901
78,390,non,illo,qui,271
79,615,facilis,optio,nemo,353
80,732,autem,expedita,sint,891
81,933,recusandae,deserunt,quos,939
82,330,dignissimos,libero,dolorem,343
83,254,porro,nihil,sit,716
84,390,porro,totam,voluptatem,189
85,377,consequatur,qui,et,211
86,7,vel,velit,velit,673
87,455,error,quae,repellat,636
88,760,incidunt,atque,quos,811
89,280,labore,numquam,error,188
90,363,aut,saepe,dolor,824
91,125,perspiciatis,a,praesentium,94
92,717,ut,rerum,et,850
93,728,laudantium,maiores,totam,831
94,506,pariatur,voluptatum,nostrum,426
95,448,sunt,tempora,perferendis,84
96,367,assumenda,numquam,officiis,652
97,717,autem,qui,odio,746
98,319,sed,autem,ipsum,229
99,923,voluptatum,omnis,ea,755
100,273,distinctio,sed,sequi,641
101,161,sint,aut,excepturi,82
102,197,iusto,suscipit,consequatur,164
103,97,sit,voluptatum,eius,901
104,642,possimus,praesentium,consectetur,476
105,226,voluptates,deserunt,rerum,29
106,276,dolorum,aut,vel,681
107,382,ut,dolor,totam,144
108,344,doloribus,ab,molestias,947
109,337,voluptatem,qui,aut,904
110,766,et,alias,fugiat,531
111,347,voluptatum,non,perferendis,769
112,193,excepturi,deserunt,aut,390
113,439,esse,corrupti,et,715
114,297,reiciendis,molestias,culpa,182
115,135,dolorum,autem,perferendis,802
116,730,quia,recusandae,nihil,293
117,669,quam,et,hic,187
118,670,delectus,nihil,sit,257
119,915,fugiat,rerum,ut,883
120,515,cumque,minus,occaecati,468
121,557,optio,necessitatibus,officiis,245
122,674,sit,dolor,exercitationem,181
123,545,placeat,ratione,rem,366
124,830,ea,ullam,mollitia,828
125,28,ut,est,dolor,835
126,532,rerum,tempora,est,321
127,518,doloremque,omnis,dolores,496
128,858,mollitia,voluptatibus,quaerat,387
129,48,quae,ut,facere,87
130,823,porro,omnis,rerum,4
131,45,ad,ut,praesentium,699
132,439,nisi,rem,consequatur,246
133,99,nobis,assumenda,a,686
134,684,fuga,nemo,qui,241
135,999,voluptatem,possimus,magni,909
136,452,reiciendis,expedita,excepturi,508
137,861,molestias,amet,sint,151
138,547,ipsa,facilis,ex,732
139,459,dolores,nesciunt,laborum,131
140,156,reiciendis,quibusdam,distinctio,511
141,729,consequuntur,asperiores,quidem,2
142,922,quia,aperiam,molestias,50
143,904,blanditiis,ullam,nostrum,916
144,528,facere,ea,quia,227
145,666,quasi,quis,reiciendis,38
146,80,commodi,beatae,dolores,375
147,535,itaque,voluptates,consequuntur,296
148,606,earum,consequatur,debitis,318
149,154,voluptatem,necessitatibus,doloremque,915
150,867,consequuntur,omnis,voluptatem,300
151,31,voluptate,et,sit,295
152,81,rerum,sed,molestias,4
153,106,ipsam,dolorum,laboriosam,533
154,278,commodi,doloremque,hic,997
155,979,libero,atque,non,524
156,188,omnis,alias,sint,98
157,719,maxime,architecto,nisi,727
158,601,suscipit,totam,nesciunt,156
159,689,error,maxime,odit,620
160,555,dolorem,aut,est,813
161,399,enim,quae,magnam,559
162,272,molestiae,eligendi,qui,54
163,921,totam,et,molestias,55
164,368,aut,quis,eaque,112
165,696,omnis,aperiam,quae,342
166,195,a,fuga,voluptates,411
167,426,ut,eligendi,rem,933
168,170,perspiciatis,eum,vel,890
169,836,eos,voluptates,quam,772
170,721,eius,sit,velit,985
171,80,rem,et,quis,427
172,20,vitae,eos,dolores,445
173,296,at,enim,quis,845
174,333,rerum,aut,nam,956
175,677,occaecati,voluptatibus,et,900
176,56,cupiditate,dolorem,eligendi,941
177,634,officia,illo,voluptates,960
178,418,ea,aut,aliquam,2
179,949,est,veniam,rem,419
180,703,aliquam,doloribus,vitae,861
181,631,sint,ea,autem,138
182,645,qui,consequatur,aut,322
183,354,praesentium,est,nemo,766
184,169,facilis,occaecati,corporis,610
185,977,quasi,qui,non,452
186,907,beatae,dicta,non,904
187,218,blanditiis,nobis,eos,936
188,18,beatae,vel,odit,997
189,896,saepe,magnam,sed,522
190,500,dolorem,delectus,et,603
191,708,sit,corporis,eaque,398
192,283,in,suscipit,rerum,385
193,478,illo,accusamus,esse,273
194,358,sequi,aperiam,doloribus,810
195,850,commodi,quos,et,722
196,849,dolores,vel,inventore,210
197,266,dolorem,occaecati,exercitationem,789
198,830,odio,accusamus,dicta,11
199,604,architecto,illo,placeat,771
200,629,reiciendis,voluptatum,quisquam,901
201,934,perferendis,quidem,iste,234
202,325,rerum,voluptatibus,assumenda,967
203,275,et,et,molestias,597
204,876,tempora,soluta,dolores,339
205,709,laudantium,et,porro,10
206,905,error,quas,in,397
207,266,ut,laborum,provident,71
208,425,occaecati,omnis,voluptas,17
209,298,architecto,consequatur,et,419
210,560,error,a,voluptatem,510
211,526,nesciunt,rem,sit,569
212,743,voluptate,facilis,corporis,472
213,407,soluta,et,magni,133
214,877,voluptatum,voluptas,unde,642
215,835,et,ratione,perferendis,887
216,201,itaque,iusto,voluptate,617
217,740,inventore,eum,ipsa,536
218,425,ut,corporis,unde,108
219,656,quas,ut,quibusdam,869
220,394,esse,voluptatibus,dolorum,582
221,778,voluptatibus,est,aspernatur,374
222,7,neque,laborum,modi,901
223,953,beatae,vel,qui,706
224,544,ratione,eos,libero,968
225,744,iure,sunt,eum,534
226,682,nulla,numquam,sit,756
227,492,perspiciatis,expedita,facilis,927
228,404,cumque,nostrum,dolore,996
229,777,qui,nobis,rerum,690
230,826,facilis,ut,omnis,148
231,521,cum,id,molestiae,494
232,535,numquam,iusto,ut,998
233,616,molestias,dolor,ipsa,663
234,193,eos,quam,mollitia,330
235,323,reprehenderit,totam,provident,848
236,559,cum,omnis,unde,738
237,803,libero,dicta,nisi,889
238,514,dolorem,dolorem,debitis,39
239,51,impedit,cupiditate,sint,740
240,37,rerum,et,et,272
241,472,consequatur,quia,esse,539
242,36,autem,illo,qui,478
243,199,illum,debitis,ab,422
244,416,iusto,dolor,aspernatur,837
245,141,dolores,vero,non,939
246,967,illo,aspernatur,optio,389
247,573,cumque,qui,pariatur,134
248,165,atque,nihil,sed,38
249,374,et,odio,iure,471
250,814,cupiditate,magnam,illo,160
251,470,occaecati,perspiciatis,dolor,455
252,529,voluptatibus,eos,temporibus,611
253,917,aspernatur,itaque,assumenda,924
254,201,officiis,iusto,est,261
255,64,facere,odio,numquam,265
256,856,ipsum,quos,impedit,302
257,530,magni,labore,iusto,233
258,925,aspernatur,eos,atque,516
259,69,distinctio,asperiores,odio,418
260,794,ducimus,esse,necessitatibus,91
261,901,asperiores,consequatur,accusamus,556
262,942,cum,aut,distinctio,955
263,350,consectetur,pariatur,quia,338
264,845,sint,laborum,doloremque,271
265,100,laudantium,necessitatibus,aliquam,266
266,869,aspernatur,ipsam,molestiae,178
267,936,rerum,earum,est,860
268,808,occaecati,eius,libero,716
269,234,ut,hic,illo,472
270,162,hic,in,voluptatem,963
271,256,odio,nam,sed,47
272,666,dolorum,vel,in,217
273,808,eos,et,voluptate,496
274,863,vero,eligendi,tempore,171
275,601,ex,esse,vero,738
276,863,voluptatem,quasi,harum,489
277,949,reiciendis,labore,sit,481
278,630,nihil,cumque,quo,841
279,747,quaerat,reprehenderit,omnis,720
280,405,ducimus,nisi,atque,148
281,970,rerum,doloribus,quasi,275
282,679,exercitationem,et,aperiam,128
283,964,officia,labore,dicta,495
284,773,ab,officia,totam,190
285,805,nam,enim,ea,935
286,560,ullam,perferendis,enim,207
287,256,perspiciatis,eum,minus,486
288,832,accusamus,sapiente,velit,179
289,597,autem,veniam,esse,423
290,256,repudiandae,est,aut,890
291,920,eligendi,et,quo,563
292,625,molestiae,eligendi,quo,364
293,67,fuga,deleniti,esse,281
294,127,neque,et,velit,368
295,877,porro,ea,consequuntur,113
296,952,itaque,neque,sed,188
297,563,ab,voluptatem,qui,625
298,548,libero,et,nobis,814
299,982,repellat,commodi,necessitatibus,833
300,597,suscipit,sit,libero,823
301,659,veniam,necessitatibus,earum,240
302,692,in,dolorum,ea,621
303,682,vitae,nihil,praesentium,540
304,949,iste,et,qui,430
305,577,asperiores,hic,deserunt,56
306,819,iure,aut,itaque,908
307,103,in,ut,doloribus,270
308,645,temporibus,culpa,inventore,957
309,304,et,iusto,eligendi,301
310,802,nihil,omnis,sed,774
311,304,hic,autem,facere,156
312,735,et,quia,quisquam,806
313,205,quos,dolorem,dolor,842
314,667,et,delectus,et,87
315,887,earum,ea,eligendi,178
316,4,facere,ex,magni,691
317,505,similique,rerum,provident,129
318,740,doloribus,quibusdam,omnis,159
319,290,eius,in,impedit,64
320,800,ad,accusamus,sapiente,359
321,469,enim,inventore,ipsa,680
322,662,eligendi,illum,vel,493
323,138,ipsam,cumque,possimus,445
324,65,aliquam,nam,sapiente,105
325,126,ratione,sequi,neque,876
326,357,rerum,quisquam,sit,714
327,854,et,aliquam,molestiae,279
328,632,beatae,quod,similique,566
329,56,labore,nihil,itaque,195
330,36,a,harum,quis,423
331,471,quaerat,possimus,nulla,873
332,40,molestiae,libero,similique,594
333,84,labore,ratione,praesentium,74
334,768,recusandae,quo,quidem,912
335,225,alias,quidem,et,964
336,689,accusantium,adipisci,consequuntur,730
337,813,voluptatem,nihil,suscipit,471
338,933,odit,et,sunt,305
339,601,consectetur,id,sed,131
340,120,similique,enim,voluptas,39
341,828,asperiores,iste,pariatur,308
342,275,minus,excepturi,natus,336
343,967,et,perferendis,accusamus,165
344,245,repellendus,placeat,exercitationem,747
345,541,beatae,et,delectus,304
346,667,molestiae,quae,adipisci,764
347,310,ad,quod,est,931
348,425,maxime,explicabo,ab,977
349,687,sit,voluptate,consequatur,844
350,554,eius,vitae,voluptas,391
351,634,voluptatem,deleniti,neque,641
352,641,qui,sequi,esse,370
353,25,quibusdam,quo,alias,858
354,842,delectus,maiores,ut,891
355,165,debitis,soluta,alias,827
356,472,asperiores,aut,reiciendis,968
357,982,dolor,ea,sed,8
358,776,porro,voluptatibus,non,519
359,77,quia,minus,vel,931
360,848,dolores,aut,qui,609
361,603,quo,est,ea,661
362,572,et,esse,quibusdam,208
363,765,sunt,sapiente,illum,932
364,292,repudiandae,voluptatem,fugit,867
365,269,eaque,ut,tenetur,717
366,203,sed,exercitationem,ea,109
367,115,non,et,qui,923
368,211,est,molestiae,voluptates,804
369,500,consequatur,ducimus,ad,202
370,70,aut,sint,aut,127
371,663,et,aut,modi,747
372,333,accusamus,ut,est,495
373,880,id,molestiae,eum,426
374,908,in,optio,accusamus,43
375,977,autem,aut,praesentium,656
376,153,nesciunt,optio,rerum,299
377,137,porro,debitis,molestiae,242
378,999,voluptate,voluptatem,unde,144
379,86,aliquam,beatae,minus,955
380,567,occaecati,autem,harum,168
381,8,officiis,iste,corporis,526
382,555,neque,rem,debitis,983
383,500,est,quo,asperiores,747
384,175,expedita,beatae,magni,795
385,990,aut,eaque,dolores,698
386,363,consequatur,ullam,doloremque,232
387,292,similique,soluta,quo,984
388,925,deserunt,et,optio,589
389,327,sunt,earum,voluptatem,20
390,276,vel,omnis,perspiciatis,959
391,969,consequatur,cupiditate,commodi,902
392,790,inventore,eos,deleniti,23
393,516,sed,est,maiores,974
394,178,sapiente,et,quas,76
395,697,natus,non,reiciendis,728
396,150,quae,voluptate,praesentium,714
397,7,sint,qui,odio,318
398,521,vel,dicta,odit,891
399,648,aspernatur,eos,nulla,521
400,425,recusandae,explicabo,perferendis,613
401,29,doloremque,sunt,doloribus,643
402,815,quo,et,cumque,858
403,326,quia,velit,fugit,486
404,751,omnis,libero,vel,387
405,822,nesciunt,ipsam,libero,314
406,776,repudiandae,hic,fugiat,334
407,546,doloremque,et,natus,650
408,280,quia,vel,velit,42
409,460,nam,quod,aliquid,820
410,218,perspiciatis,explicabo,repudiandae,263
411,278,dolor,alias,iure,477
412,40,minima,molestiae,modi,600
413,968,eos,reiciendis,ad,852
414,223,illo,omnis,libero,847
415,44,saepe,nam,dolor,0
416,118,voluptas,nisi,vitae,359
417,168,placeat,ipsum,et,971
418,947,aut,dignissimos,sit,728
419,441,delectus,eos,asperiores,111
420,202,molestiae,neque,nihil,528
421,544,sed,magni,nemo,364
422,276,voluptate,natus,hic,160
423,867,quos,ea,et,227
424,788,eligendi,quibusdam,velit,925
425,84,error,id,eaque,276
426,490,amet,recusandae,praesentium,582
427,560,est,iure,est,79
428,757,sed,consequatur,fugit,650
429,57,natus,dignissimos,ullam,398
430,25,necessitatibus,ipsam,est,170
431,431,cum,magni,magnam,295
432,335,molestias,quia,ipsam,256
433,683,ex,porro,qui,450
434,977,qui,commodi,mollitia,65
435,255,voluptas,quia,qui,651
436,741,aut,sit,ut,948
437,537,dicta,occaecati,voluptatem,364
438,611,nobis,officiis,nostrum,973
439,790,et,reprehenderit,eaque,10
440,728,similique,et,omnis,220
441,186,fugit,ut,itaque,634
442,161,quaerat,eligendi,a,539
443,984,id,similique,hic,993
444,361,quaerat,earum,id,686
445,478,doloribus,quia,provident,94
446,475,cumque,est,consequatur,505
447,493,ut,est,odit,362
448,576,id,ut,quia,992
449,319,dignissimos,ratione,eum,490
450,304,sit,cum,tempora,847
451,435,laborum,laboriosam,optio,145
452,445,voluptatem,dolorum,officiis,916
453,154,omnis,velit,alias,171
454,883,eos,accusantium,similique,771
455,773,soluta,voluptatem,commodi,348
456,441,quidem,ex,soluta,114
457,891,nemo,laboriosam,sequi,643
458,459,quia,eligendi,dicta,880
459,84,ullam,vel,quibusdam,730
460,0,explicabo,dolor,laborum,258
461,718,assumenda,rerum,aperiam,766
462,575,aut,non,voluptas,984
463,2,id,inventore,qui,151
464,528,omnis,excepturi,autem,950
465,879,nesciunt,quas,dignissimos,474
466,189,aut,veniam,dolor,27
467,895,magnam,mollitia,est,658
468,761,totam,mollitia,voluptatem,960
469,957,excepturi,voluptatem,consequuntur,159
470,615,qui,enim,dolore,306
471,97,quod,aut,maiores,517
472,796,libero,et,aut,728
473,902,quia,modi,omnis,80
474,857,voluptatum,qui,corporis,150
475,237,fugit,possimus,aut,825
476,934,numquam,qui,cumque,508
477,477,saepe,enim,ea,380
478,649,corrupti,temporibus,accusamus,679
479,831,ad,fugiat,quia,37
480,20,vel,sunt,earum,87
481,789,ratione,rem,quis,86
482,25,voluptas,nulla,aperiam,580
483,76,facilis,quos,reiciendis,124
484,842,pariatur,soluta,distinctio,343
485,86,voluptas,laboriosam,dolorum,365
486,538,iure,nam,quidem,231
487,731,quo,autem,quis,992
488,764,sed,est,minus,151
489,106,nesciunt,sed,sit,533
490,839,quo,adipisci,quia,965
491,56,in,quasi,et,694
492,652,quis,blanditiis,autem,871
493,566,iure,odio,nostrum,783
494,873,rem,cupiditate,qui,117
495,359,est,perspiciatis,tempora,28
496,614,sint,corporis,sequi,11
497,786,quia,et,officiis,798
498,602,rem,numquam,et,440
499,975,illum,laborum,impedit,828
500,300,sequi,est,labore,52
501,238,aspernatur,blanditiis,eum,443
502,171,aut,ex,modi,588
503,900,exercitationem,id,ea,580
504,528,repellendus,et,velit,381
505,337,nostrum,praesentium,odio,732
506,461,occaecati,molestias,temporibus,909
507,452,voluptatem,sed,odit,795
508,563,aperiam,voluptatem,sit,259
509,47,et,omnis,voluptatem,135
510,654,sunt,nemo,deserunt,801
511,374,et,dicta,placeat,42
512,277,voluptas,tempore,quo,270
513,632,nam,et,distinctio,403
514,662,officiis,tenetur,ratione,155
515,196,esse,est,id,90
516,952,accusantium,libero,velit,325
517,942,aut,illum,consectetur,804
518,995,est,aperiam,consequatur,430
519,169,sed,qui,est,150
520,80,doloremque,pariatur,ut,639
521,122,autem,deleniti,laudantium,394
522,980,eum,nesciunt,rerum,115
523,989,nihil,tenetur,sit,718
524,3,ad,qui,id,885
525,603,consectetur,provident,ut,691
526,21,quisquam,nostrum,sint,910
527,175,dolore,consequatur,sunt,415
528,358,reiciendis,expedita,ipsum,802
529,956,ea,rem,quia,665
530,433,eum,aspernatur,totam,445
531,453,vel,minima,ea,454
532,370,sint,magnam,quis,897
533,606,minus,ut,praesentium,471
534,676,numquam,explicabo,nulla,608
535,313,dolorem,vitae,labore,873
536,968,ex,at,eos,786
537,982,blanditiis,officiis,autem,794
538,671,et,reprehenderit,aliquam,225
539,33,facere,alias,temporibus,727
540,17,adipisci,deserunt,quidem,374
541,439,corrupti,voluptas,sit,898
542,884,beatae,ea,occaecati,131
543,746,beatae,eos,ut,199
544,187,animi,illum,occaecati,971
545,346,dolores,vel,beatae,423
546,605,rerum,molestiae,quia,90
547,307,necessitatibus,in,aut,381
548,416,asperiores,id,et,821
549,741,in,amet,est,827
550,493,dolores,blanditiis,totam,419
551,851,voluptas,eos,quis,846
552,326,nesciunt,iure,sit,423
553,733,ut,quia,ex,986
554,962,et,porro,nihil,960
555,940,autem,aut,consequatur,687
556,443,facilis,velit,possimus,399
557,45,magnam,eaque,voluptate,308
558,987,assumenda,provident,possimus,548
559,64,voluptate,optio,hic,810
560,471,praesentium,et,qui,722
561,589,et,tempore,asperiores,226
562,215,voluptas,rerum,quo,842
563,524,sit,autem,ullam,448
564,66,harum,animi,amet,278
565,558,veritatis,aspernatur,nam,955
566,974,voluptas,fuga,omnis,858
567,625,ut,est,numquam,406
568,713,libero,qui,adipisci,807
569,474,unde,repellat,facilis,538
570,898,libero,omnis,et,25
571,786,officia,ut,vel,483
572,72,officiis,adipisci,consequuntur,938
573,105,autem,atque,nihil,206
574,376,nulla,exercitationem,facilis,940
575,36,numquam,laudantium,autem,86
576,579,eius,explicabo,deleniti,167
577,479,ad,ex,corporis,938
578,55,adipisci,sit,aut,75
579,690,non,velit,voluptatem,379
580,659,unde,architecto,quibusdam,848
581,248,quaerat,numquam,ea,904
582,823,autem,sequi,qui,369
583,529,omnis,aut,iste,764
584,893,tempore,quasi,reiciendis,323
585,596,reprehenderit,doloribus,consectetur,689
586,815,perferendis,aliquid,velit,759
587,542,voluptatem,vel,assumenda,16
588,441,aut,reprehenderit,ipsum,487
589,813,expedita,facere,magnam,915
590,132,asperiores,dolorem,iusto,969
591,533,perspiciatis,omnis,sed,318
592,390,earum,nisi,velit,126
593,658,vero,ipsam,necessitatibus,145
594,781,eum,aperiam,at,598
595,63,ea,quas,ex,549
596,129,voluptas,nihil,eos,261
597,926,ducimus,rerum,occaecati,123
598,736,beatae,pariatur,magni,759
599,295,temporibus,repudiandae,vitae,608
600,43,voluptatem,ea,vero,100
601,445,ad,est,sed,945
602,493,sunt,culpa,officiis,57
603,171,pariatur,natus,architecto,326
604,414,eos,beatae,dolore,914
605,444,modi,cupiditate,provident,59
606,91,et,est,enim,299
607,436,ea,illo,qui,132
608,42,nulla,iure,aut,624
609,401,pariatur,officia,id,642
610,592,porro,quis,voluptatibus,184
611,334,nesciunt,facilis,maiores,243
612,737,veniam,impedit,rerum,791
613,955,mollitia,ipsa,fugit,34
614,935,ad,est,laboriosam,581
615,549,culpa,fuga,ut,622
616,505,sed,sapiente,et,364
617,50,totam,possimus,a,647
618,35,odit,iste,dolorem,735
619,388,reiciendis,molestiae,quibusdam,184
620,417,fugiat,cum,est,761
621,673,enim,delectus,molestiae,213
622,570,quia,iusto,quia,598
623,109,perspiciatis,velit,illo,933
624,839,expedita,asperiores,et,536
625,453,ratione,quod,dignissimos,755
626,232,iste,quidem,autem,36
627,606,autem,deserunt,tempore,354
628,863,natus,nisi,voluptates,632
629,294,accusantium,saepe,ab,855
630,521,quis,molestias,eius,253
631,428,laudantium,nam,enim,100
632,563,porro,nisi,autem,58
633,981,harum,architecto,nobis,846
634,733,minima,et,quam,814
635,755,voluptas,non,enim,709
636,445,et,quo,ut,824
637,920,optio,itaque,molestiae,481
638,530,natus,velit,hic,637
639,299,eum,ut,ut,133
640,36,amet,sed,corrupti,28
641,517,et,nisi,nihil,535
642,765,dolores,eum,soluta,938
643,994,adipisci,est,nisi,319
644,332,in,et,soluta,89
645,575,et,quis,repellendus,392
646,93,sapiente,nobis,et,368
647,543,quia,dolorem,aut,143
648,444,eveniet,beatae,nisi,5
649,700,veritatis,rem,qui,655
650,984,qui,soluta,voluptatum,453
651,940,sed,aut,sint,156
652,183,facere,et,corrupti,137
653,565,molestias,neque,sunt,565
654,792,fuga,aut,accusamus,492
655,195,eligendi,at,aut,122
656,598,est,aperiam,velit,474
657,755,ipsum,sapiente,et,106
658,954,ratione,veniam,pariatur,407
659,700,qui,nesciunt,repellat,713
660,957,et,molestiae,commodi,298
661,900,possimus,molestiae,deleniti,613
662,528,quod,aspernatur,sed,230
663,108,molestiae,aut,ut,209
664,261,asperiores,ratione,ut,293
665,246,temporibus,sunt,quod,544
666,731,ea,voluptate,consequuntur,202
667,16,hic,libero,est,423
668,6,et,est,reiciendis,903
669,592,perspiciatis,dolore,eaque,353
670,578,incidunt,aperiam,cumque,526
671,991,atque,sit,suscipit,65
672,109,consequuntur,qui,ut,777
673,124,maiores,ea,ipsam,991
674,390,non,hic,est,324
675,291,a,impedit,dolor,868
676,49,minus,dignissimos,iure,396
677,619,laborum,incidunt,dolores,617
678,649,dolorem,quisquam,est,773
679,358,molestias,sit,rerum,292
680,471,doloremque,pariatur,ducimus,936
681,74,aliquam,quos,in,769
682,30,quia,debitis,ut,770
683,789,dicta,in,sit,876
684,604,delectus,consequatur,magnam,428
685,65,quaerat,minus,rem,659
686,387,et,impedit,eum,436
687,377,eius,voluptatum,possimus,845
688,922,facilis,ad,sapiente,411
689,838,esse,ut,reprehenderit,61
690,0,corrupti,deleniti,sit,813
691,263,iste,quia,ut,751
692,234,inventore,quisquam,ut,793
693,992,molestias,qui,dicta,287
694,649,et,fugiat,adipisci,524
695,460,itaque,facere,neque,317
696,374,et,sed,rerum,686
697,700,qui,sed,dolorum,688
698,325,cum,excepturi,aut,123
699,125,minima,aut,aut,255
700,32,quis,soluta,earum,434
701,945,nihil,velit,aut,631
702,602,qui,aperiam,harum,687
703,627,delectus,ex,doloremque,670
704,63,sint,provident,inventore,30
705,447,distinctio,perferendis,eos,325
706,585,dolores,autem,velit,224
707,726,earum,voluptatum,qui,953
708,170,aut,dolor,illum,887
709,374,qui,aut,dolor,98
710,185,exercitationem,sequi,qui,801
711,339,nam,ut,qui,327
712,724,quam,quisquam,voluptatum,241
713,652,ea,est,illum,179
714,944,laborum,quas,omnis,648
715,742,quia,ipsum,dolor,579
716,341,fuga,corrupti,corporis,50
717,787,facilis,provident,occaecati,543
718,661,voluptatem,et,fugiat,350
719,146,voluptatem,quisquam,molestias,834
720,651,est,reprehenderit,neque,346
721,393,qui,neque,error,44
722,571,fugit,suscipit,id,777
723,9,dolore,et,similique,360
724,798,itaque,aut,debitis,368
725,71,sint,omnis,sapiente,182
726,376,aut,suscipit,est,61
727,90,laborum,dolor,exercitationem,366
728,560,voluptatum,sit,consectetur,932
729,670,enim,vero,dolor,876
730,903,quia,dolore,aut,305
731,874,assumenda,non,delectus,782
732,797,aut,atque,dignissimos,96
733,35,explicabo,quos,sunt,6
734,107,debitis,doloremque,eveniet,991
735,7,quibusdam,dolorem,a,174
736,305,reiciendis,et,sed,432
737,931,a,quo,aperiam,341
738,508,dolores,in,saepe,369
739,683,ut,ut,sit,900
740,582,voluptatibus,accusantium,quia,547
741,627,temporibus,nobis,iusto,512
742,70,dolores,in,consectetur,883
743,522,et,exercitationem,cum,708
744,801,id,deserunt,explicabo,255
745,698,voluptatem,fugiat,voluptas,199
746,493,aut,ipsum,inventore,83
747,843,fuga,ut,suscipit,271
748,396,enim,tempora,magnam,646
749,17,veritatis,et,qui,238
750,255,corporis,ex,similique,935
751,350,consequuntur,quia,et,588
752,444,aliquam,recusandae,enim,37
753,316,doloribus,odio,dolorum,531
754,774,dolorem,quod,occaecati,437
755,266,autem,incidunt,animi,745
756,978,fuga,similique,at,989
757,852,blanditiis,voluptas,incidunt,25
758,517,est,voluptatem,commodi,428
759,933,quis,laudantium,non,978
760,213,accusamus,recusandae,illo,648
761,680,earum,autem,quaerat,93
762,422,sed,ut,sed,214
763,707,cum,voluptas,ratione,800
764,388,et,nulla,quis,904
765,794,rerum,aut,corporis,993
766,517,mollitia,fuga,voluptate,32
767,435,in,ipsam,earum,800
768,555,mollitia,non,porro,630
769,393,possimus,commodi,recusandae,251
770,289,id,aut,et,85
771,430,quam,aliquid,fuga,682
772,388,beatae,autem,et,954
773,550,delectus,ab,est,826
774,623,neque,sed,magni,632
775,552,nemo,ab,quod,598
776,98,soluta,repellendus,aut,571
777,581,corporis,et,aut,903
778,662,recusandae,repellat,earum,455
779,502,ut,cumque,ut,702
780,148,ut,dolor,eum,427
781,663,necessitatibus,eaque,occaecati,236
782,337,sit,eligendi,totam,167
783,717,eligendi,perferendis,maiores,589
784,497,quibusdam,qui,ut,992
785,291,ut,ipsam,incidunt,970
786,619,nulla,tempore,non,982
787,849,iusto,doloribus,dolores,929
788,658,impedit,hic,ratione,839
789,743,voluptate,nam,odit,970
790,973,aperiam,ut,mollitia,953
791,267,recusandae,omnis,dolores,617
792,363,atque,veniam,aut,723
793,654,quae,totam,similique,183
794,258,aut,sunt,illum,666
795,100,saepe,qui,porro,514
796,378,quo,aut,explicabo,966
797,263,fugiat,unde,occaecati,688
798,888,ut,cupiditate,autem,760
799,577,ut,ducimus,molestiae,897
800,775,architecto,atque,beatae,575
801,399,assumenda,in,pariatur,217
802,771,quam,debitis,nemo,210
803,408,officia,molestias,id,957
804,299,est,voluptatum,repellat,593
805,388,earum,nobis,aut,489
806,981,voluptas,quis,dolores,309
807,82,itaque,harum,eligendi,954
808,6,possimus,deserunt,et,141
809,13,odio,nostrum,mollitia,341
810,194,tenetur,velit,ex,893
811,723,et,veniam,soluta,345
812,379,rerum,alias,in,982
813,470,ullam,magnam,natus,758
814,605,dolor,consequuntur,minima,790
815,446,ipsam,dolore,quis,234
816,855,veritatis,asperiores,qui,698
817,829,ut,non,sequi,661
818,251,et,voluptatibus,qui,282
819,223,sed,recusandae,pariatur,499
820,94,consequatur,et,mollitia,806
821,792,dolores,adipisci,laborum,791
822,598,in,rerum,beatae,612
823,922,excepturi,est,modi,504
824,997,architecto,voluptas,officiis,765
825,945,nesciunt,esse,laboriosam,553
826,710,est,quam,vero,525
827,847,reprehenderit,repellendus,sint,16
828,617,mollitia,consequatur,placeat,27
829,582,quis,impedit,aut,147
830,390,quia,quidem,quibusdam,969
831,983,corporis,accusamus,itaque,605
832,683,nobis,quo,eos,772
833,243,quod,nobis,omnis,521
834,918,est,odit,ut,78
835,959,tenetur,nihil,qui,278
836,619,numquam,praesentium,libero,200
837,261,animi,dolorem,itaque,467
838,907,quasi,pariatur,eum,480
839,592,sequi,tenetur,assumenda,567
840,41,et,voluptatem,fugit,419
841,744,alias,eius,a,317
842,791,quas,repellat,velit,600
843,638,quas,sunt,sed,3
844,675,vel,et,aperiam,572
845,895,omnis,laudantium,quo,644
846,749,illum,provident,sit,159
847,462,totam,tempora,delectus,941
848,563,repellendus,dolorum,neque,460
849,402,fugit,numquam,ut,584
850,782,et,deserunt,neque,124
851,674,explicabo,voluptas,dicta,373
852,33,deleniti,cupiditate,adipisci,939
853,775,dolorum,qui,eius,287
854,70,veritatis,voluptas,asperiores,873
855,316,officiis,rerum,nesciunt,115
856,399,repellat,dolorem,repellendus,462
857,327,ut,sint,voluptatem,965
858,842,fugit,itaque,qui,994
859,677,assumenda,a,nostrum,273
860,241,modi,et,aperiam,386
861,518,nemo,consequuntur,et,337
862,58,architecto,error,provident,923
863,402,quo,dolorem,qui,177
864,489,est,ex,autem,39
865,542,unde,aut,dolores,21
866,414,ea,et,dolor,862
867,609,earum,illum,aut,584
868,948,accusantium,minus,mollitia,639
869,942,in,libero,provident,399
870,14,eum,assumenda,qui,633
871,136,et,esse,dolore,671
872,670,quibusdam,nulla,sapiente,17
873,301,amet,autem,laudantium,776
874,326,non,accusantium,qui,588
875,348,quo,voluptate,est,985
876,860,voluptatem,atque,aliquid,247
877,644,sunt,nulla,necessitatibus,356
878,689,doloremque,corrupti,et,259
879,567,a,iure,ex,618
880,870,doloremque,ut,tempora,961
881,319,natus,esse,dolorem,369
882,445,ut,sunt,excepturi,470
883,212,vitae,in,placeat,990
884,732,rerum,qui,eum,31
885,618,aut,facere,voluptatem,85
886,282,perspiciatis,aut,eveniet,416
887,627,ullam,et,itaque,350
888,380,praesentium,molestiae,nostrum,798
889,282,quas,mollitia,natus,790
890,947,quia,et,fuga,858
891,970,velit,quia,voluptatem,967
892,924,dolore,accusamus,aut,418
893,23,in,et,sed,254
894,432,ut,animi,id,17
895,718,laborum,quia,tempora,371
896,511,aut,necessitatibus,consequatur,275
897,792,est,assumenda,quod,533
898,283,rerum,debitis,ut,145
899,279,enim,esse,quia,156
900,961,repellat,nemo,provident,991
901,507,placeat,rem,repellendus,329
902,557,hic,consequatur,et,258
903,124,minus,in,nemo,218
904,132,inventore,qui,commodi,331
905,814,impedit,totam,ut,541
906,469,reiciendis,et,aperiam,474
907,877,et,labore,nobis,671
908,464,quia,ducimus,commodi,97
909,764,placeat,rem,maxime,128
910,20,cumque,nulla,blanditiis,259
911,991,autem,adipisci,occaecati,445
912,435,ut,iusto,necessitatibus,392
913,511,tenetur,sed,perferendis,686
914,133,dolor,consequatur,nihil,413
915,168,autem,dolor,et,114
916,274,deleniti,excepturi,consequatur,339
917,775,nostrum,quo,ut,509
918,252,incidunt,iste,tempora,973
919,228,quis,illo,ut,188
920,712,in,molestiae,ad,172
921,464,qui,ea,quaerat,910
922,220,non,repellendus,voluptas,535
923,338,perspiciatis,id,dolorem,335
924,387,nostrum,et,eos,404
925,132,a,et,ipsum,957
926,937,molestiae,ad,atque,647
927,336,sed,porro,sapiente,733
928,972,eveniet,voluptate,nisi,914
929,958,nobis,sunt,mollitia,501
930,8,est,consequuntur,aut,735
931,343,exercitationem,expedita,fuga,177
932,384,modi,debitis,possimus,20
933,659,consectetur,molestiae,corrupti,974
934,271,aliquid,eos,aut,25
935,705,vero,voluptas,qui,536
936,790,ducimus,laborum,adipisci,62
937,16,molestiae,harum,id,30
938,537,non,aliquid,rerum,252
939,738,ut,dicta,eligendi,694
940,504,rerum,cumque,voluptatum,283
941,206,quis,quas,eos,350
942,407,dolore,ut,qui,279
943,667,iste,voluptate,saepe,914
944,251,autem,dolor,dolorem,206
945,744,dolorem,quia,dolores,678
946,850,ipsam,voluptate,odio,110
947,146,eum,minus,voluptatem,740
948,102,corrupti,recusandae,libero,288
949,148,nostrum,amet,iure,957
950,22,quod,quia,saepe,793
951,166,et,voluptates,distinctio,801
952,866,praesentium,accusamus,voluptates,637
953,231,aut,explicabo,ullam,377
954,944,dolorum,placeat,labore,338
955,178,voluptatem,odio,id,977
956,985,itaque,facilis,earum,499
957,560,iste,similique,maxime,459
958,760,impedit,itaque,dicta,199
959,380,quam,adipisci,ea,732
960,700,libero,aut,alias,680
961,404,ut,repudiandae,numquam,417
962,308,dolores,unde,vitae,756
963,445,modi,qui,voluptas,734
964,808,accusantium,laborum,enim,135
965,648,eius,in,neque,350
966,544,aut,distinctio,et,547
967,542,delectus,modi,quos,531
968,227,in,laudantium,labore,794
969,318,dicta,omnis,dolorem,80
970,57,dolore,eligendi,maiores,164
971,735,dolor,beatae,sit,651
972,417,placeat,sit,eligendi,805
973,61,doloribus,ullam,id,788
974,369,dolorem,enim,magni,60
975,79,accusantium,voluptatem,odio,188
976,548,aut,harum,non,998
977,751,voluptas,temporibus,maxime,295
978,978,tempore,vero,porro,573
979,421,error,consequatur,maiores,251
980,403,natus,perferendis,sed,438
981,356,incidunt,esse,sed,310
982,525,alias,quia,cupiditate,610
983,971,est,fugit,eligendi,299
984,602,ut,dolorem,enim,29
985,385,quo,est,itaque,359
986,757,non,et,iste,870
987,547,voluptates,id,totam,397
988,304,qui,sit,qui,319
989,186,voluptatum,expedita,beatae,98
990,52,laudantium,labore,sed,738
991,977,perspiciatis,iste,at,920
992,769,consectetur,dolorem,nihil,701
993,410,nulla,enim,adipisci,169
994,928,aut,expedita,autem,802
995,4,aliquam,recusandae,aspernatur,986
996,367,fuga,eum,et,891
997,383,eius,non,sunt,275
998,71,eligendi,aliquid,sit,296
999,254,fuga,est,doloribus,19
